,,BEV,FCV,HEV,ICE,PHEV,Trolley
LCV,1971,0.0,0.0,18.111721229073037,0.0,3.4427944048467958,0.0
LCV,1972,0.0,0.0,80.23787115386087,0.0,8.02058892565973,0.0
LCV,1973,0.0,0.0,101.65617286899212,0.0,8.443512322868152,0.0
LCV,1974,0.0,0.0,96.06011067932451,0.0,8.542522759067182,0.0
LCV,1975,0.0,0.0,75.62538324567375,0.0,7.370665149372828,0.0
LCV,1976,0.0,0.0,75.21646700215726,0.0,3.892191829915251,0.0
LCV,1977,0.0,0.0,64.64248831244988,0.0,3.016764632632365,0.0
LCV,1978,0.0,0.0,72.28337257910812,0.0,3.092006202416184,0.0
LCV,1979,0.0,0.0,83.22002733871089,0.0,4.618255649638614,0.0
LCV,1980,0.0,0.0,58.34204672143457,0.0,1.175334457569134,0.0
LCV,1981,0.0,0.0,40.891505193764175,0.0,2.332042017901816,0.0
LCV,1982,0.0,0.0,58.1125437981902,0.0,2.0816889116545028,0.0
LCV,1983,0.0,0.0,55.73946186759444,0.0,2.687521257255126,0.0
LCV,1984,0.0,0.0,119.3030805609057,0.0,3.7270964846799233,0.0
LCV,1985,0.0,0.0,193.71736697573803,0.0,6.4042791092296785,0.0
LCV,1986,0.0,0.0,263.0524705247969,0.0,16.426004932652575,0.0
LCV,1987,0.0,0.0,369.37883929390324,0.0,28.14749103819969,0.0
LCV,1988,0.0,0.0,419.0878350547115,0.0,35.82258208868909,0.0
LCV,1989,0.0,0.0,548.5433063345474,0.0,43.6339432286097,0.0
LCV,1990,0.0,0.0,463.724071649322,0.0,60.167892800135874,0.0
LCV,1991,0.0,0.0,525.8517010612386,0.0,74.33089464073412,0.0
LCV,1992,0.0,0.0,448.24222673007677,0.0,62.533401154021114,0.0
LCV,1993,0.0,0.0,573.5388447157626,0.0,82.36397664252273,0.0
LCV,1994,0.0,0.0,714.5051376950977,0.0,96.41533022225303,0.0
LCV,1995,0.0,0.0,758.2550598666098,0.0,109.29092017180113,0.0
LCV,1996,0.0,0.0,610.2963416624932,0.0,83.90000617776076,0.0
LCV,1997,0.0,0.0,592.7744335263203,0.0,81.90298649734066,0.0
LCV,1998,0.0,0.0,208.61181523487508,0.0,24.627213562875113,0.0
LCV,1999,0.0,0.0,652.3803239344771,0.0,89.27896658985885,0.0
LCV,2000,0.0,0.0,528.5164889969751,0.0,59.389181266556236,0.0
LCV,2001,0.0,0.0,277.31083879574646,0.0,31.87505345829005,0.0
LCV,2002,0.0,0.0,621.9843014703094,0.0,86.85746797900202,0.0
LCV,2003,0.0,0.0,581.0405012497396,0.0,85.64858485877157,0.0
LCV,2004,0.0,0.0,900.3940002809845,0.0,136.40372557921003,0.0
LCV,2005,0.0,0.0,746.4689261265952,0.0,106.2422493555878,0.0
LCV,2006,0.0,0.0,930.3227454806508,0.0,142.95564311887912,0.0
LCV,2007,0.0,0.0,1165.270327150726,0.0,183.0976936190023,0.0
LCV,2008,0.0,0.0,1163.3685153882507,0.0,195.72753797755308,0.0
LCV,2009,0.0,0.0,1474.023549590488,0.0,272.2629945050753,0.0
LCV,2010,0.0,0.0,2774.732890763585,0.0,545.5263498578772,0.0
LCV,2011,0.0,0.0,7117.234226512874,0.0,2306.914609411141,0.0
LCV,2012,0.0,0.0,23916.053866469356,0.0,14158.614746584768,0.0
LCV,2013,0.0,0.0,105182.62511155067,0.0,132199.20976410664,0.0
LCV,2014,0.0,0.0,549209.2127505031,0.0,1979909.6130394437,0.0
LCV,2015,0.0,0.0,2693174.4413221586,0.0,36399756.92404868,0.0
LCV,2016,0.0,0.0,694537.1049659022,0.0,7883705.362765634,0.0
LCV,2017,0.0,0.0,777078.6325890587,0.0,8881627.77593121,0.0
LCV,2018,0.0,0.0,814789.9976753113,0.0,9255872.8160073,0.0
LCV,2019,0.0,0.0,760901.3110606673,0.0,9093860.720832698,0.0
LCV,2020,0.0,0.0,321911.9450199776,0.0,3381767.1767585003,0.0
LCV,2021,0.0,0.0,4445070.224228448,0.0,48995233.51734551,0.0
LCV,2022,0.0,0.0,4704273.854409571,0.0,52743628.77283202,0.0
LCV,2023,0.0,0.0,5015345.621731042,0.0,58501972.778350845,0.0
LCV,2024,0.0,0.0,5337158.028354924,0.0,63862780.553232916,0.0
LCV,2025,0.0,0.0,5581912.8174599735,0.0,71732024.51194717,0.0
LCV,2026,0.0,0.0,5555917.783849972,0.0,80014003.71977402,0.0
LCV,2027,0.0,0.0,5743005.354206019,0.0,80767478.19265302,0.0
LCV,2028,0.0,0.0,6043023.033178367,0.0,83724166.82490066,0.0
LCV,2029,0.0,0.0,6377847.658650636,0.0,88331901.40357128,0.0
LCV,2030,0.0,0.0,6796385.873830587,0.0,91623455.44746198,0.0
LCV,2031,0.0,0.0,7284026.361157282,0.0,97045259.43194309,0.0
LCV,2032,0.0,0.0,7687093.24297788,0.0,101938276.47167072,0.0
LCV,2033,0.0,0.0,8238022.602768854,0.0,108455703.17482908,0.0
LCV,2034,0.0,0.0,8903591.956682345,0.0,116193252.51607333,0.0
LCV,2035,0.0,0.0,9601184.19290322,0.0,129632090.82740502,0.0
LCV,2036,0.0,0.0,10211106.444490675,0.0,140115998.12806517,0.0
LCV,2037,0.0,0.0,11432097.054311605,0.0,156547526.17154992,0.0
LCV,2038,0.0,0.0,12289198.330141399,0.0,179816103.79824066,0.0
LCV,2039,0.0,0.0,13123607.386025473,0.0,194858879.25470293,0.0
LCV,2040,0.0,0.0,13469605.461162006,0.0,219217056.23909232,0.0
LCV,2041,0.0,0.0,13105042.515906487,0.0,215193479.8201367,0.0
LCV,2042,0.0,0.0,13165618.048233634,0.0,218497291.0989254,0.0
LCV,2043,0.0,0.0,13323641.347347805,0.0,218913627.69530487,0.0
LCV,2044,0.0,0.0,13277429.450531153,0.0,221094800.6037122,0.0
LCV,2045,0.0,0.0,13356177.482043218,0.0,220087631.83570024,0.0
LCV,2046,0.0,0.0,13321147.856501514,0.0,213850526.53641745,0.0
LCV,2047,0.0,0.0,13183167.996662796,0.0,218044359.6266218,0.0
LCV,2048,0.0,0.0,12985834.248417402,0.0,226168577.76153004,0.0
LCV,2049,0.0,0.0,13651452.936565736,0.0,227256394.338945,0.0
LCV,2050,0.0,0.0,14081749.785241274,0.0,234124919.10194775,0.0
LCV,2051,0.0,0.0,13876871.931828484,0.0,232915024.8228133,0.0
LCV,2052,0.0,0.0,14312953.507532436,0.0,239757474.44352365,0.0
LCV,2053,0.0,0.0,15008344.640410747,0.0,244841903.15156513,0.0
LCV,2054,0.0,0.0,15084822.31352675,0.0,254160058.8893615,0.0
LCV,2055,0.0,0.0,15285361.33824974,0.0,261021280.5556982,0.0
LCV,2056,0.0,0.0,15113678.567310967,0.0,264461869.73440114,0.0
LCV,2057,0.0,0.0,15040532.488113891,0.0,269548013.6106371,0.0
LCV,2058,0.0,0.0,14845074.276308572,0.0,273569357.6233517,0.0
LCV,2059,0.0,0.0,14663260.178319756,0.0,276546479.8980833,0.0
LCV,2060,0.0,0.0,14468164.236607999,0.0,279422544.5212328,0.0
LCV,2061,0.0,0.0,14073933.680893434,0.0,278840675.25143296,0.0
LCV,2062,0.0,0.0,13881573.168011453,0.0,282894362.09345984,0.0
LCV,2063,0.0,0.0,13877799.75811856,0.0,286657934.5405439,0.0
LCV,2064,0.0,0.0,13634628.659409713,0.0,292945128.9590025,0.0
LCV,2065,0.0,0.0,13746551.473760301,0.0,297862307.1578957,0.0
LCV,2066,0.0,0.0,13464814.53683493,0.0,300593339.678367,0.0
LCV,2067,0.0,0.0,13414827.161826363,0.0,307142688.5298043,0.0
LCV,2068,0.0,0.0,13265551.322247526,0.0,314164437.553533,0.0
LCV,2069,0.0,0.0,13128678.131593278,0.0,320810681.5459068,0.0
LCV,2070,0.0,0.0,12943867.12582961,0.0,327075603.5199458,0.0
LCV,2071,0.0,0.0,12277770.997120867,0.0,329752832.5615287,0.0
LCV,2072,0.0,0.0,12116292.426645067,0.0,334177958.1062536,0.0
LCV,2073,0.0,0.0,11769824.826493084,0.0,339015990.30622035,0.0
LCV,2074,0.0,0.0,11460028.576024748,0.0,343113762.97956324,0.0
LCV,2075,0.0,0.0,11151569.185065445,0.0,346919054.1660877,0.0
LCV,2076,0.0,0.0,10666155.226237243,0.0,346573371.7474771,0.0
LCV,2077,0.0,0.0,10382485.53239532,0.0,350461037.9160638,0.0
LCV,2078,0.0,0.0,10028171.308284186,0.0,355079582.6443341,0.0
LCV,2079,0.0,0.0,9682699.2565951,0.0,360146594.2519725,0.0
LCV,2080,0.0,0.0,9335037.432511462,0.0,365780587.6262895,0.0
LCV,2081,0.0,0.0,8870226.77502445,0.0,367602424.6808201,0.0
LCV,2082,0.0,0.0,8573620.812895779,0.0,373535513.96627855,0.0
LCV,2083,0.0,0.0,8288722.743824281,0.0,379190565.8519128,0.0
LCV,2084,0.0,0.0,8027069.2711988585,0.0,384521244.6589817,0.0
LCV,2085,0.0,0.0,7691079.296705057,0.0,389603841.2461834,0.0
LCV,2086,0.0,0.0,7301093.172586021,0.0,390426104.8675177,0.0
LCV,2087,0.0,0.0,6961189.557328003,0.0,394214102.9162408,0.0
LCV,2088,0.0,0.0,6602492.540379969,0.0,397911328.0323626,0.0
LCV,2089,0.0,0.0,6233554.621434029,0.0,401271861.02562326,0.0
LCV,2090,0.0,0.0,5873383.789932602,0.0,404633372.35766983,0.0
LCV,2091,0.0,0.0,5435926.918578628,0.0,404769575.5068778,0.0
LCV,2092,0.0,0.0,5022594.112221157,0.0,407701033.03219163,0.0
LCV,2093,0.0,0.0,4566092.058723573,0.0,410791819.7300234,0.0
LCV,2094,0.0,0.0,4030810.643771686,0.0,414748359.34393275,0.0
LCV,2095,0.0,0.0,3582255.8928955276,0.0,418543136.4448914,0.0
LCV,2096,0.0,0.0,2981305.4587977254,0.0,419558502.3113616,0.0
LCV,2097,0.0,0.0,2685111.7616794445,0.0,423915943.06962156,0.0
LCV,2098,0.0,0.0,2265439.6739709503,0.0,429196709.7753961,0.0
LCV,2099,0.0,0.0,2151625.2138360175,0.0,432544945.88378984,0.0
LCV,2100,0.0,0.0,2257233.673354385,0.0,434220411.88381875,0.0
MFT,1971,0.0,0.0,11.801965660865054,0.0,2.365976007618149,0.0
MFT,1972,0.0,0.0,36.66352577222866,0.0,4.31839954714887,0.0
MFT,1973,0.0,0.0,45.17925821102328,0.0,4.488987048645815,0.0
MFT,1974,0.0,0.0,42.311223697635306,0.0,4.543965136359656,0.0
MFT,1975,0.0,0.0,34.84626899007451,0.0,4.120262920153712,0.0
MFT,1976,0.0,0.0,35.037733113568365,0.0,2.6909288784371457,0.0
MFT,1977,0.0,0.0,31.85571983409432,0.0,2.3197220346297165,0.0
MFT,1978,0.0,0.0,37.12372895001791,0.0,2.5026157181596775,0.0
MFT,1979,0.0,0.0,45.58237718831747,0.0,3.290335821950159,0.0
MFT,1980,0.0,0.0,33.67298093128209,0.0,0.9998080049527667,0.0
MFT,1981,0.0,0.0,32.734961245215196,0.0,2.261070504820834,0.0
MFT,1982,0.0,0.0,40.67480215771835,0.0,1.798129778562378,0.0
MFT,1983,0.0,0.0,39.582435392825516,0.0,1.9988086978885025,0.0
MFT,1984,0.0,0.0,67.83322296676585,0.0,2.4110640072591574,0.0
MFT,1985,0.0,0.0,96.22864895738739,0.0,3.4834975614631545,0.0
MFT,1986,0.0,0.0,121.72828365189629,0.0,7.589854345067559,0.0
MFT,1987,0.0,0.0,162.63736858321292,0.0,12.28039101159181,0.0
MFT,1988,0.0,0.0,181.49327347919453,0.0,15.36623554220563,0.0
MFT,1989,0.0,0.0,232.0180236308481,0.0,18.498770832720375,0.0
MFT,1990,0.0,0.0,201.93221653090407,0.0,25.668769675949644,0.0
MFT,1991,0.0,0.0,234.85772445519746,0.0,32.006999191196975,0.0
MFT,1992,0.0,0.0,214.13977200037576,0.0,28.20983433234428,0.0
MFT,1993,0.0,0.0,279.31606759643944,0.0,37.815540800825175,0.0
MFT,1994,0.0,0.0,357.1778395149344,0.0,45.756938029331025,0.0
MFT,1995,0.0,0.0,396.3030263242598,0.0,54.08698623509347,0.0
MFT,1996,0.0,0.0,366.6128701691774,0.0,46.79699668053809,0.0
MFT,1997,0.0,0.0,377.6239341170161,0.0,49.41962947290391,0.0
MFT,1998,0.0,0.0,167.16670986473693,0.0,16.04484035702897,0.0
MFT,1999,0.0,0.0,411.7094451717973,0.0,55.899322511578234,0.0
MFT,2000,0.0,0.0,372.31349301299645,0.0,48.04163852899203,0.0
MFT,2001,0.0,0.0,270.16859363731686,0.0,36.26646677180738,0.0
MFT,2002,0.0,0.0,417.28217536571645,0.0,61.519260097818595,0.0
MFT,2003,0.0,0.0,405.2705982291911,0.0,60.1487546243341,0.0
MFT,2004,0.0,0.0,526.16499102688,0.0,79.00437077328773,0.0
MFT,2005,0.0,0.0,444.80454524029227,0.0,63.20187819146298,0.0
MFT,2006,0.0,0.0,501.50869630725396,0.0,74.77991159521883,0.0
MFT,2007,0.0,0.0,580.267243505591,0.0,89.23146912060547,0.0
MFT,2008,0.0,0.0,575.2183222249799,0.0,94.58667968188276,0.0
MFT,2009,0.0,0.0,699.9589491793397,0.0,127.14886001428111,0.0
MFT,2010,0.0,0.0,1220.8108353058792,0.0,239.0324165189637,0.0
MFT,2011,0.0,0.0,2892.0672231293506,0.0,941.7484407408019,0.0
MFT,2012,0.0,0.0,9240.011335380896,0.0,5570.9098281294955,0.0
MFT,2013,0.0,0.0,39688.159470077175,0.0,50949.02580348643,0.0
MFT,2014,0.0,0.0,206621.18870744438,0.0,765005.2900603273,0.0
MFT,2015,0.0,0.0,1025432.7399652625,0.0,14099590.208789615,0.0
MFT,2016,0.0,0.0,263973.47627877846,0.0,3043094.7118578055,0.0
MFT,2017,0.0,0.0,298458.9340928577,0.0,3453047.016930988,0.0
MFT,2018,0.0,0.0,322105.4063635249,0.0,3676119.5250797137,0.0
MFT,2019,0.0,0.0,324549.63735248114,0.0,3840059.5585564133,0.0
MFT,2020,0.0,0.0,201367.17097634485,0.0,2107536.4725581384,0.0
MFT,2021,0.0,0.0,1848902.5848077284,0.0,20101645.0928141,0.0
MFT,2022,0.0,0.0,2029767.4818158152,0.0,22629668.035769,0.0
MFT,2023,0.0,0.0,2223928.653416887,0.0,25872078.48502845,0.0
MFT,2024,0.0,0.0,2389746.8831346743,0.0,28618044.66454185,0.0
MFT,2025,0.0,0.0,2509234.740602625,0.0,31991043.5507686,0.0
MFT,2026,0.0,0.0,2533307.1914398577,0.0,35303557.684133284,0.0
MFT,2027,0.0,0.0,2701629.0497760526,0.0,36482610.82710746,0.0
MFT,2028,0.0,0.0,3009413.645922849,0.0,39542816.40871135,0.0
MFT,2029,0.0,0.0,3420016.1949400967,0.0,44401595.366297334,0.0
MFT,2030,0.0,0.0,3896347.153353076,0.0,49328607.663322635,0.0
MFT,2031,0.0,0.0,4363064.609809888,0.0,55036281.776991524,0.0
MFT,2032,0.0,0.0,4690944.84432009,0.0,59617868.530385286,0.0
MFT,2033,0.0,0.0,4975582.260594391,0.0,63855608.13696014,0.0
MFT,2034,0.0,0.0,5250361.711087156,0.0,67757330.62541102,0.0
MFT,2035,0.0,0.0,5513770.512718274,0.0,73374622.56892256,0.0
MFT,2036,0.0,0.0,5771333.921123628,0.0,77935000.3859112,0.0
MFT,2037,0.0,0.0,6314986.622388144,0.0,84958540.33463597,0.0
MFT,2038,0.0,0.0,6771833.613639297,0.0,95517954.75729184,0.0
MFT,2039,0.0,0.0,7274928.908015565,0.0,103341961.70618522,0.0
MFT,2040,0.0,0.0,7593546.526037693,0.0,115575094.74124035,0.0
MFT,2041,0.0,0.0,7661694.710832336,0.0,117005812.0611171,0.0
MFT,2042,0.0,0.0,7880464.892940203,0.0,121504498.44556497,0.0
MFT,2043,0.0,0.0,8103519.391385408,0.0,125190153.14935528,0.0
MFT,2044,0.0,0.0,8236680.241342268,0.0,130127728.75137725,0.0
MFT,2045,0.0,0.0,8483697.880729955,0.0,134068117.20620482,0.0
MFT,2046,0.0,0.0,8648634.412081117,0.0,136164407.22890276,0.0
MFT,2047,0.0,0.0,8713991.708374895,0.0,142194335.90674198,0.0
MFT,2048,0.0,0.0,8673424.541648282,0.0,149102729.32962328,0.0
MFT,2049,0.0,0.0,8969658.1556307,0.0,151710541.746204,0.0
MFT,2050,0.0,0.0,9100786.694011759,0.0,155383377.69801694,0.0
MFT,2051,0.0,0.0,8967857.207595369,0.0,154816376.39881814,0.0
MFT,2052,0.0,0.0,9093700.52853725,0.0,156832787.87430024,0.0
MFT,2053,0.0,0.0,9351536.77970928,0.0,158114294.2947564,0.0
MFT,2054,0.0,0.0,9371985.309725687,0.0,161778166.27881446,0.0
MFT,2055,0.0,0.0,9478592.729706543,0.0,165203625.5796645,0.0
MFT,2056,0.0,0.0,9461944.463773558,0.0,168072828.33298,0.0
MFT,2057,0.0,0.0,9502364.063987741,0.0,172022608.9318905,0.0
MFT,2058,0.0,0.0,9504547.867781034,0.0,175614269.92362243,0.0
MFT,2059,0.0,0.0,9517086.739454718,0.0,178588710.7010323,0.0
MFT,2060,0.0,0.0,9521216.079182005,0.0,181288555.63185722,0.0
MFT,2061,0.0,0.0,9437983.454857083,0.0,182482408.49104917,0.0
MFT,2062,0.0,0.0,9411842.43887117,0.0,185511868.2819193,0.0
MFT,2063,0.0,0.0,9431805.031220956,0.0,188455741.2082433,0.0
MFT,2064,0.0,0.0,9317305.028612595,0.0,192437428.088589,0.0
MFT,2065,0.0,0.0,9316447.305182396,0.0,195765909.36602402,0.0
MFT,2066,0.0,0.0,9137693.328849515,0.0,198034201.65724635,0.0
MFT,2067,0.0,0.0,9039379.782559384,0.0,201578606.84328204,0.0
MFT,2068,0.0,0.0,8903409.273693329,0.0,205076632.5865333,0.0
MFT,2069,0.0,0.0,8785264.076839557,0.0,208314784.94448665,0.0
MFT,2070,0.0,0.0,8665595.604380326,0.0,211487578.7916304,0.0
MFT,2071,0.0,0.0,8373285.438541043,0.0,213488862.67621168,0.0
MFT,2072,0.0,0.0,8295344.586363802,0.0,216495597.22360054,0.0
MFT,2073,0.0,0.0,8145455.869963111,0.0,219963514.04209337,0.0
MFT,2074,0.0,0.0,8004985.149398768,0.0,223312711.93310475,0.0
MFT,2075,0.0,0.0,7854458.417160055,0.0,226608744.19811338,0.0
MFT,2076,0.0,0.0,7622728.186485714,0.0,228185354.17722172,0.0
MFT,2077,0.0,0.0,7452387.896658846,0.0,231325003.93853444,0.0
MFT,2078,0.0,0.0,7240612.619278954,0.0,234540104.54380366,0.0
MFT,2079,0.0,0.0,7023148.086477881,0.0,237719806.95545447,0.0
MFT,2080,0.0,0.0,6801413.784108034,0.0,240959239.6164913,0.0
MFT,2081,0.0,0.0,6536899.7296097595,0.0,242557325.88922924,0.0
MFT,2082,0.0,0.0,6341593.303110593,0.0,245754576.25971088,0.0
MFT,2083,0.0,0.0,6152828.197401416,0.0,248808247.09486204,0.0
MFT,2084,0.0,0.0,5972729.988611246,0.0,251749524.14208588,0.0
MFT,2085,0.0,0.0,5760515.775172622,0.0,254687884.9831221,0.0
MFT,2086,0.0,0.0,5525803.275916427,0.0,256040497.96062195,0.0
MFT,2087,0.0,0.0,5306241.505466671,0.0,258748957.98423806,0.0
MFT,2088,0.0,0.0,5077691.317111378,0.0,261533098.10319164,0.0
MFT,2089,0.0,0.0,4846668.131449793,0.0,264243640.90569663,0.0
MFT,2090,0.0,0.0,4623246.195871564,0.0,266967403.40962258,0.0
MFT,2091,0.0,0.0,4372533.092639302,0.0,268348099.69119424,0.0
MFT,2092,0.0,0.0,4131122.951434868,0.0,270773090.0662867,0.0
MFT,2093,0.0,0.0,3869652.0140751945,0.0,273114547.59210867,0.0
MFT,2094,0.0,0.0,3568977.601605155,0.0,275650412.49038106,0.0
MFT,2095,0.0,0.0,3295166.2114201463,0.0,278000244.8646645,0.0
MFT,2096,0.0,0.0,2952169.6037534694,0.0,279153605.7791564,0.0
MFT,2097,0.0,0.0,2710016.686919064,0.0,281632392.52756274,0.0
MFT,2098,0.0,0.0,2414726.958684508,0.0,284491045.7976169,0.0
MFT,2099,0.0,0.0,2243772.5389934126,0.0,286573965.35012203,0.0
MFT,2100,0.0,0.0,2161488.0832506665,0.0,288045224.7137622,0.0
HFT,1971,0.0,0.0,5.274122458136572,0.0,0.48937340310595384,0.0
HFT,1972,0.0,0.0,15.208199385891103,0.0,0.8275548426512713,0.0
HFT,1973,0.0,0.0,17.489107754476976,0.0,0.9244948814730061,0.0
HFT,1974,0.0,0.0,15.81245852704544,0.0,0.808500663478293,0.0
HFT,1975,0.0,0.0,14.983310506214307,0.0,0.7767926881660214,0.0
HFT,1976,0.0,0.0,14.441020840404123,0.0,0.440066512095999,0.0
HFT,1977,0.0,0.0,11.63584355829213,0.0,0.33968686537881376,0.0
HFT,1978,0.0,0.0,15.120352510789019,0.0,0.3699291982951461,0.0
HFT,1979,0.0,0.0,18.44836793812561,0.0,0.3089175695288093,0.0
HFT,1980,0.0,0.0,12.404168671808673,0.0,0.09649341550875398,0.0
HFT,1981,0.0,0.0,11.43102564503172,0.0,0.1338496448271476,0.0
HFT,1982,0.0,0.0,15.642172350137932,0.0,0.09667344390868784,0.0
HFT,1983,0.0,0.0,16.88742379537431,0.0,0.058491620860308666,0.0
HFT,1984,0.0,0.0,24.166265818868915,0.0,0.00010798750974995729,0.0
HFT,1985,0.0,0.0,34.37486357433478,0.0,0.45893453283307417,0.0
HFT,1986,0.0,0.0,44.372162049758074,0.0,1.1824377728675022,0.0
HFT,1987,0.0,0.0,75.47978914141424,0.0,2.8583258677181287,0.0
HFT,1988,0.0,0.0,88.17480338727955,0.0,4.371473332599353,0.0
HFT,1989,0.0,0.0,113.3051289043761,0.0,5.737780452345627,0.0
HFT,1990,0.0,0.0,112.89678695881312,0.0,8.987056663782377,0.0
HFT,1991,0.0,0.0,144.17452662752262,0.0,13.116035997010947,0.0
HFT,1992,0.0,0.0,131.56158307279821,0.0,12.123856230971747,0.0
HFT,1993,0.0,0.0,169.74483976243764,0.0,16.245937970692413,0.0
HFT,1994,0.0,0.0,215.03790220473797,0.0,19.710830603557525,0.0
HFT,1995,0.0,0.0,248.08947331279296,0.0,23.228931997897927,0.0
HFT,1996,0.0,0.0,220.90647103320467,0.0,19.92774256066955,0.0
HFT,1997,0.0,0.0,224.71327324887937,0.0,19.72107117930052,0.0
HFT,1998,0.0,0.0,55.48950693505281,0.0,0.38116075668866034,0.0
HFT,1999,0.0,0.0,265.8182864364083,0.0,26.111659364500145,0.0
HFT,2000,0.0,0.0,210.9522438854238,0.0,19.438469483825564,0.0
HFT,2001,0.0,0.0,157.64895974723453,0.0,15.584372662737941,0.0
HFT,2002,0.0,0.0,261.9087028939086,0.0,26.68559678379783,0.0
HFT,2003,0.0,0.0,249.20849351732403,0.0,24.852296962675823,0.0
HFT,2004,0.0,0.0,325.28102205766226,0.0,32.31712104794837,0.0
HFT,2005,0.0,0.0,243.84256697226624,0.0,23.610532410853253,0.0
HFT,2006,0.0,0.0,277.7351869008717,0.0,28.47748735159879,0.0
HFT,2007,0.0,0.0,337.83545612687635,0.0,36.071681476456874,0.0
HFT,2008,0.0,0.0,326.044730817947,0.0,36.92507470685878,0.0
HFT,2009,0.0,0.0,403.08629100649233,0.0,48.58602201918528,0.0
HFT,2010,0.0,0.0,665.0203574514732,0.0,74.26004509116618,0.0
HFT,2011,0.0,0.0,1491.2981570120999,0.0,270.8660810612698,0.0
HFT,2012,0.0,0.0,4555.983531055988,0.0,1476.2716463544075,0.0
HFT,2013,0.0,0.0,21443.80308840629,0.0,14182.046705983905,0.0
HFT,2014,0.0,0.0,141989.12756160795,0.0,276882.5093646869,0.0
HFT,2015,0.0,0.0,1371892.9563817997,0.0,10704433.049749058,0.0
HFT,2016,0.0,0.0,319252.22584424645,0.0,2246042.7597395186,0.0
HFT,2017,0.0,0.0,361542.32092057006,0.0,2560364.157465768,0.0
HFT,2018,0.0,0.0,390784.6339275045,0.0,2721069.522191388,0.0
HFT,2019,0.0,0.0,402459.5630257206,0.0,2857724.296179194,0.0
HFT,2020,0.0,0.0,234224.4853086696,0.0,1539237.1896596581,0.0
HFT,2021,0.0,0.0,4697875.522723205,0.0,14531984.649144743,0.0
HFT,2022,0.0,0.0,4418757.939495934,0.0,17538632.710817862,0.0
HFT,2023,0.0,0.0,4412665.714726634,0.0,20621109.295555696,0.0
HFT,2024,0.0,0.0,4223544.242037562,0.0,24591841.998761304,0.0
HFT,2025,0.0,0.0,4133530.538045798,0.0,30514443.446573954,0.0
HFT,2026,0.0,0.0,4002004.8215654693,0.0,35715790.98377273,0.0
HFT,2027,0.0,0.0,4390764.688098636,0.0,37560220.0953509,0.0
HFT,2028,0.0,0.0,5034601.156704979,0.0,41160545.29906927,0.0
HFT,2029,0.0,0.0,5912230.653224702,0.0,46608900.408285156,0.0
HFT,2030,0.0,0.0,6835258.957272161,0.0,51812369.75501071,0.0
HFT,2031,0.0,0.0,7592149.862476052,0.0,58202504.4195985,0.0
HFT,2032,0.0,0.0,8085673.667533816,0.0,64365632.184751146,0.0
HFT,2033,0.0,0.0,8458821.445377288,0.0,70940901.89082466,0.0
HFT,2034,0.0,0.0,8928058.300863996,0.0,77060638.12166682,0.0
HFT,2035,0.0,0.0,9519059.052882612,0.0,85809652.14805675,0.0
HFT,2036,0.0,0.0,10134599.88667934,0.0,93207059.56586236,0.0
HFT,2037,0.0,0.0,11562939.794467062,0.0,102815547.44474794,0.0
HFT,2038,0.0,0.0,12800885.538687248,0.0,119212510.5896191,0.0
HFT,2039,0.0,0.0,14137428.63261179,0.0,131278777.68601607,0.0
HFT,2040,0.0,0.0,15251951.70194448,0.0,148865296.79008693,0.0
HFT,2041,0.0,0.0,15421319.5060857,0.0,152329205.76102236,0.0
HFT,2042,0.0,0.0,15922144.223852392,0.0,158953755.9939439,0.0
HFT,2043,0.0,0.0,16446821.179898225,0.0,164794055.10318628,0.0
HFT,2044,0.0,0.0,16884814.529406916,0.0,173120944.66122165,0.0
HFT,2045,0.0,0.0,17695581.694677625,0.0,178009645.01301017,0.0
HFT,2046,0.0,0.0,18367037.635436967,0.0,180557512.70329744,0.0
HFT,2047,0.0,0.0,18828652.904002525,0.0,190051600.05152017,0.0
HFT,2048,0.0,0.0,19073722.134559575,0.0,201438463.56142962,0.0
HFT,2049,0.0,0.0,19918657.862331834,0.0,204448306.7852324,0.0
HFT,2050,0.0,0.0,20435685.660120603,0.0,209804591.1454428,0.0
HFT,2051,0.0,0.0,20226603.914273486,0.0,209423010.541939,0.0
HFT,2052,0.0,0.0,20583379.478182383,0.0,212016560.95211935,0.0
HFT,2053,0.0,0.0,21189091.493281256,0.0,213097811.38000667,0.0
HFT,2054,0.0,0.0,21426987.830630615,0.0,218501323.8332016,0.0
HFT,2055,0.0,0.0,21826913.348813586,0.0,223451067.40401807,0.0
HFT,2056,0.0,0.0,22007670.711881556,0.0,228069567.54799482,0.0
HFT,2057,0.0,0.0,22308783.69321183,0.0,234080508.73317137,0.0
HFT,2058,0.0,0.0,22507693.934112333,0.0,239614453.02809963,0.0
HFT,2059,0.0,0.0,22700858.96333304,0.0,244092633.44204694,0.0
HFT,2060,0.0,0.0,22849824.303929467,0.0,248172465.70465064,0.0
HFT,2061,0.0,0.0,22787312.301017072,0.0,250219731.58840787,0.0
HFT,2062,0.0,0.0,22902206.291376688,0.0,254775894.2910116,0.0
HFT,2063,0.0,0.0,23094023.05043954,0.0,259217512.17317787,0.0
HFT,2064,0.0,0.0,23072516.413036533,0.0,265553869.65791413,0.0
HFT,2065,0.0,0.0,23250996.156343758,0.0,270720125.88774824,0.0
HFT,2066,0.0,0.0,23073040.23769366,0.0,274746007.0688601,0.0
HFT,2067,0.0,0.0,23068564.942487024,0.0,280479535.885484,0.0
HFT,2068,0.0,0.0,22979525.07041423,0.0,286227891.8359124,0.0
HFT,2069,0.0,0.0,22911082.884846848,0.0,291549396.35233945,0.0
HFT,2070,0.0,0.0,22836552.18653216,0.0,296727603.57627165,0.0
HFT,2071,0.0,0.0,22362250.79583798,0.0,300801852.45565623,0.0
HFT,2072,0.0,0.0,22346977.593592767,0.0,305739180.06529325,0.0
HFT,2073,0.0,0.0,22218381.327747773,0.0,311534515.43709016,0.0
HFT,2074,0.0,0.0,22083003.040123917,0.0,317240962.1984241,0.0
HFT,2075,0.0,0.0,21923979.264385745,0.0,322900519.4231103,0.0
HFT,2076,0.0,0.0,21548409.37796771,0.0,326207979.7406183,0.0
HFT,2077,0.0,0.0,21339971.632766068,0.0,331653896.4629186,0.0
HFT,2078,0.0,0.0,21018393.808710903,0.0,337452645.6915451,0.0
HFT,2079,0.0,0.0,20683381.39044762,0.0,343180982.6904031,0.0
HFT,2080,0.0,0.0,20322030.247114312,0.0,349082290.6648442,0.0
HFT,2081,0.0,0.0,19823204.305654794,0.0,352629418.60928917,0.0
HFT,2082,0.0,0.0,19498100.71388591,0.0,358464453.0235216,0.0
HFT,2083,0.0,0.0,19164273.747964505,0.0,364141416.7460226,0.0
HFT,2084,0.0,0.0,18830907.344054163,0.0,369664211.03352195,0.0
HFT,2085,0.0,0.0,18395009.17019221,0.0,375425362.3206295,0.0
HFT,2086,0.0,0.0,17863808.67463957,0.0,378818077.09911716,0.0
HFT,2087,0.0,0.0,17370680.636521336,0.0,384330631.8880528,0.0
HFT,2088,0.0,0.0,16838883.259506762,0.0,390054806.1181354,0.0
HFT,2089,0.0,0.0,16276094.671119494,0.0,395744151.6845616,0.0
HFT,2090,0.0,0.0,15708527.039550332,0.0,401492876.3219856,0.0
HFT,2091,0.0,0.0,15018393.826105949,0.0,405366547.59852433,0.0
HFT,2092,0.0,0.0,14331845.876220131,0.0,410960094.46389735,0.0
HFT,2093,0.0,0.0,13563647.363579253,0.0,416589637.408575,0.0
HFT,2094,0.0,0.0,12653936.738084795,0.0,422870859.3854622,0.0
HFT,2095,0.0,0.0,11816932.230302773,0.0,428659421.6495416,0.0
HFT,2096,0.0,0.0,10740475.182070224,0.0,433036633.00616354,0.0
HFT,2097,0.0,0.0,9967195.588747561,0.0,438876804.9202123,0.0
HFT,2098,0.0,0.0,9003611.753964843,0.0,445821710.93891615,0.0
HFT,2099,0.0,0.0,8419390.746974027,0.0,450738402.1978048,0.0
HFT,2100,0.0,0.0,8119857.052754105,0.0,454098482.848707,0.0
midi_bus,1971,0.0011756233574082022,0.0,1328.2250773949931,0.0,0.0,0.0
midi_bus,1972,0.0016552670158093191,0.0,1913.4551905140934,0.0,0.0,0.0
midi_bus,1973,0.0017473814003476256,0.0,1889.6263318792796,0.0,0.0,0.0
midi_bus,1974,0.0017531014640876181,0.0,1919.9243125680923,0.0,0.0,0.0
midi_bus,1975,0.0015626571747478684,0.0,1673.4863123078733,0.0,0.0,0.0
midi_bus,1976,0.0015409394125049988,0.0,1604.3320104550462,0.0,0.0,0.0
midi_bus,1977,0.0017504993080146413,0.0,1952.1259381569616,0.0,0.0,0.0
midi_bus,1978,0.0018285898140703977,0.0,1948.6635882052915,0.0,0.0,0.0
midi_bus,1979,0.0019022283086139293,0.0,2042.3124360675595,0.0,0.0,0.0
midi_bus,1980,0.0017846715674745192,0.0,1925.3125297376882,0.0,0.0,0.0
midi_bus,1981,0.001745768595592693,0.0,1987.3261913903893,0.0,0.0,0.0
midi_bus,1982,0.001462090011441169,0.0,1697.4479135101483,0.0,0.0,0.0
midi_bus,1983,0.0016345717916557917,0.0,1930.4130916836511,0.0,0.0,0.0
midi_bus,1984,0.002070858191440096,0.0,2318.500433936625,0.0,0.0,0.0
midi_bus,1985,0.0020982441647237255,0.0,2246.8116538308905,0.0,0.0,0.0
midi_bus,1986,5.883779235217269e-07,0.0,50.544038017165065,0.0,0.0,0.0
midi_bus,1987,3.640479949905447e-05,0.0,88.7982305351153,0.0,0.0,0.0
midi_bus,1988,6.922598744334778e-05,0.0,142.16955272381256,0.0,0.0,0.0
midi_bus,1989,2.102539283513573e-19,0.0,0.00015262281657904209,0.0,0.0,0.0
midi_bus,1990,7.99428438936936e-18,0.0,0.0032404705763308,0.0,0.0,0.0
midi_bus,1991,4.28600489457934e-12,0.0,30960.720761976903,0.0,0.0,0.0
midi_bus,1992,4.172757167335372e-12,0.0,20431.034046205536,0.0,0.0,0.0
midi_bus,1993,1.2424805943742742e-09,0.0,17382.70594791662,0.0,0.0,0.0
midi_bus,1994,1.1120629646370265e-11,0.0,4636.462878665654,0.0,0.0,0.0
midi_bus,1995,1.1800148805529464e-11,0.0,242.73871108881588,0.0,0.0,0.0
midi_bus,1996,1.097206432000631e-11,0.0,396.86319372586973,0.0,0.0,0.0
midi_bus,1997,1.9398222085788856e-05,0.0,454.50382923679484,0.0,0.0,0.0
midi_bus,1998,1.834257096461901e-05,0.0,402.8379553590459,0.0,0.0,0.0
midi_bus,1999,1.7041070393117125e-05,0.0,1619.91669719671,0.0,0.0,0.0
midi_bus,2000,1.6270599088211008e-05,0.0,5958.025036974683,0.0,0.0,0.0
midi_bus,2001,1.6656432621575585e-05,0.0,3723.0437666561206,0.0,0.0,0.0
midi_bus,2002,2.26768402840153e-05,0.0,5991.12208846123,0.0,0.0,0.0
midi_bus,2003,3.941002798455273e-06,0.0,9963.562979778559,0.0,0.0,0.0
midi_bus,2004,6.325000047217385e-06,0.0,16997.318290675947,0.0,0.0,0.0
midi_bus,2005,5.159858993082959e-06,0.0,22710.793084233163,0.0,0.0,0.0
midi_bus,2006,4.281041587827707e-06,0.0,39701.77081995047,0.0,0.0,0.0
midi_bus,2007,9.867740767507162e-06,0.0,73449.13714995811,0.0,0.0,0.0
midi_bus,2008,2.854390044605361e-05,0.0,128322.0261492975,0.0,0.0,0.0
midi_bus,2009,0.000770695434652225,0.0,137012.31688617347,0.0,0.0,0.0
midi_bus,2010,0.0003635555956550828,0.0,238076.89483596734,0.0,0.0,0.0
midi_bus,2011,0.0036348469607089162,0.0,153188.76934643343,0.0,0.0,0.0
midi_bus,2012,0.0007845584520754301,0.0,127835.76456697086,0.0,0.0,0.0
midi_bus,2013,0.0021431200067711866,0.0,111710.73178048509,0.0,0.0,0.0
midi_bus,2014,0.003441717087584029,0.0,114427.69934907847,0.0,0.0,0.0
midi_bus,2015,0.003957644340200684,0.0,148603.30032656246,0.0,0.0,0.0
midi_bus,2016,0.0044709662152297835,0.0,182526.68355586944,0.0,0.0,0.0
midi_bus,2017,0.005289768622218064,0.0,198826.4315133268,0.0,0.0,0.0
midi_bus,2018,0.006209257549669623,0.0,208559.28431318546,0.0,0.0,0.0
midi_bus,2019,0.009059297048603476,0.0,240780.4792948089,0.0,0.0,0.0
midi_bus,2020,0.01909588812504129,0.0,262074.5652051333,0.0,0.0,0.0
midi_bus,2021,565.7147957493672,0.0,160579.03371959852,0.0,0.0,0.0
midi_bus,2022,1664.1680626760892,0.0,210902.78273620727,0.0,0.0,0.0
midi_bus,2023,13132.611791601537,0.0,172313.8065302081,0.0,0.0,0.0
midi_bus,2024,55437.346987546014,0.0,157463.7962514778,0.0,0.0,0.0
midi_bus,2025,99682.34328605716,0.0,140078.49793600966,0.0,0.0,0.0
midi_bus,2026,216588.76243570884,0.0,117486.34641740636,0.0,0.0,0.0
midi_bus,2027,417423.0578153947,0.0,94079.52923165521,0.0,0.0,0.0
midi_bus,2028,741501.4378490688,0.0,78844.84679799734,0.0,0.0,0.0
midi_bus,2029,1264523.4908069223,0.0,66778.64123885299,0.0,0.0,0.0
midi_bus,2030,2009165.381958591,0.0,51229.92553763872,0.0,0.0,0.0
midi_bus,2031,2370420.4898915878,0.0,43538.387921689624,0.0,0.0,0.0
midi_bus,2032,2766246.1515395613,0.0,38260.72116806942,0.0,0.0,0.0
midi_bus,2033,3187662.7754974943,0.0,25856.661970605746,0.0,0.0,0.0
midi_bus,2034,3692374.0249622595,0.0,24955.340537400265,0.0,0.0,0.0
midi_bus,2035,4317509.82836572,0.0,22991.921661707973,0.0,0.0,0.0
midi_bus,2036,5096071.920353601,0.0,33733.018235615404,0.0,0.0,0.0
midi_bus,2037,5731570.166641994,0.0,32672.029501980265,0.0,0.0,0.0
midi_bus,2038,6568214.424614683,0.0,27565.097330768996,0.0,0.0,0.0
midi_bus,2039,7496391.05819169,0.0,18902.84701089302,0.0,0.0,0.0
midi_bus,2040,8434720.827193718,0.0,8576.224920541274,0.0,0.0,0.0
midi_bus,2041,9421189.994423032,0.0,7153.512453936283,0.0,0.0,0.0
midi_bus,2042,10580136.413091337,0.0,5960.829266841142,0.0,0.0,0.0
midi_bus,2043,11882155.182258641,0.0,4998.641291513702,0.0,0.0,0.0
midi_bus,2044,13167419.997385787,0.0,4014.9591027948277,0.0,0.0,0.0
midi_bus,2045,14457251.554257803,0.0,3092.031969589372,0.0,0.0,0.0
midi_bus,2046,15235313.082607467,0.0,2167.1361099488286,0.0,0.0,0.0
midi_bus,2047,16032909.319571747,0.0,1188.5485022655944,0.0,0.0,0.0
midi_bus,2048,16710634.754340839,0.0,281.6230156506647,0.0,0.0,0.0
midi_bus,2049,17353344.325709097,0.0,37.65112747758883,0.0,0.0,0.0
midi_bus,2050,18031967.084723182,0.0,24.018917777347337,0.0,0.0,0.0
midi_bus,2051,18566149.12021598,0.0,18.37465220877824,0.0,0.0,0.0
midi_bus,2052,19076157.910075348,0.0,14.797351013675648,0.0,0.0,0.0
midi_bus,2053,19568613.08255651,0.0,12.548122662859413,0.0,0.0,0.0
midi_bus,2054,20046126.346290324,0.0,10.906018144330694,0.0,0.0,0.0
midi_bus,2055,20446772.857688688,0.0,9.599468856999072,0.0,0.0,0.0
midi_bus,2056,20663517.343937457,0.0,296.3579095252919,0.0,0.0,0.0
midi_bus,2057,21006033.64040942,0.0,200.533535839572,0.0,0.0,0.0
midi_bus,2058,21351814.595291514,0.0,108.14142187455545,0.0,0.0,0.0
midi_bus,2059,21593774.01762785,0.0,32.02217826094157,0.0,0.0,0.0
midi_bus,2060,21720778.439757407,0.0,5.034625814258467,0.0,0.0,0.0
midi_bus,2061,21694185.467621215,0.0,11.285397376158217,0.0,0.0,0.0
midi_bus,2062,21754621.95800413,0.0,46.01365661059994,0.0,0.0,0.0
midi_bus,2063,21759155.400828883,0.0,54.81128479723455,0.0,0.0,0.0
midi_bus,2064,21734751.31748221,0.0,59.01841304040073,0.0,0.0,0.0
midi_bus,2065,21715640.685155433,0.0,40.53675879477548,0.0,0.0,0.0
midi_bus,2066,21578189.236987513,0.0,13.273985837155875,0.0,0.0,0.0
midi_bus,2067,21515680.582028504,0.0,4.364422319705274,0.0,0.0,0.0
midi_bus,2068,21459850.021615192,0.0,4.280842767741122,0.0,0.0,0.0
midi_bus,2069,21438481.260431405,0.0,5.096731808872664,0.0,0.0,0.0
midi_bus,2070,21460449.718839146,0.0,11.584106252666778,0.0,0.0,0.0
midi_bus,2071,21435425.233732965,0.0,15.776589166845472,0.0,0.0,0.0
midi_bus,2072,21519314.96269264,0.0,18.314909539757256,0.0,0.0,0.0
midi_bus,2073,21613100.002596434,0.0,22.302913182658582,0.0,0.0,0.0
midi_bus,2074,21705367.587699465,0.0,25.19968959376265,0.0,0.0,0.0
midi_bus,2075,21795334.93516756,0.0,26.323947625430606,0.0,0.0,0.0
midi_bus,2076,21807864.800752282,0.0,25.995985518507037,0.0,0.0,0.0
midi_bus,2077,21918961.16048115,0.0,24.858295506273073,0.0,0.0,0.0
midi_bus,2078,22050379.58947274,0.0,23.277716554776635,0.0,0.0,0.0
midi_bus,2079,22201198.94648577,0.0,21.5995795885653,0.0,0.0,0.0
midi_bus,2080,22360622.663838986,0.0,20.09410684217943,0.0,0.0,0.0
midi_bus,2081,22439092.264587037,0.0,18.911425661434016,0.0,0.0,0.0
midi_bus,2082,22606053.37014084,0.0,18.241815071745556,0.0,0.0,0.0
midi_bus,2083,22772728.985295147,0.0,18.10795759662261,0.0,0.0,0.0
midi_bus,2084,22941354.79573125,0.0,18.482910410092114,0.0,0.0,0.0
midi_bus,2085,23123068.877175037,0.0,19.28849310441201,0.0,0.0,0.0
midi_bus,2086,23256570.68510875,0.0,20.376600711359025,0.0,0.0,0.0
midi_bus,2087,23468940.27629534,0.0,21.64924014020868,0.0,0.0,0.0
midi_bus,2088,23706377.633806996,0.0,22.95712151832861,0.0,0.0,0.0
midi_bus,2089,23977603.03838091,0.0,24.0781013289928,0.0,0.0,0.0
midi_bus,2090,24276568.89997818,0.0,24.813230602479003,0.0,0.0,0.0
midi_bus,2091,24562306.447892237,0.0,25.328527775997443,0.0,0.0,0.0
midi_bus,2092,25013602.53893271,0.0,25.86770519396677,0.0,0.0,0.0
midi_bus,2093,25616082.3134877,0.0,26.480787344625107,0.0,0.0,0.0
midi_bus,2094,26337390.65557053,0.0,27.130255608171492,0.0,0.0,0.0
midi_bus,2095,27124821.403375342,0.0,27.91210281448868,0.0,0.0,0.0
midi_bus,2096,27929389.756352834,0.0,28.8155995756802,0.0,0.0,0.0
midi_bus,2097,28749520.608016584,0.0,29.91604654034417,0.0,0.0,0.0
midi_bus,2098,29460616.328598067,0.0,30.892440014165157,0.0,0.0,0.0
midi_bus,2099,30044141.583904568,0.0,31.896458145482196,0.0,0.0,0.0
midi_bus,2100,30558552.303058483,0.0,32.979647002704034,0.0,0.0,0.0
reg_bus,1971,0.014687223650073767,0.0,18833.247649033605,0.0,0.0,24637.729738336275
reg_bus,1972,0.02067875108479318,0.0,27135.138704142606,0.0,0.0,35498.29674978206
reg_bus,1973,0.021827215840872147,0.0,26769.484309957992,0.0,0.0,35019.94621207618
reg_bus,1974,0.021898549339110392,0.0,27202.745215243845,0.0,0.0,35586.73985758145
reg_bus,1975,0.019519006102274233,0.0,23703.363871919788,0.0,0.0,31008.835218123633
reg_bus,1976,0.0192474567773682,0.0,22712.193616651813,0.0,0.0,29712.182334360114
reg_bus,1977,0.02186578239244342,0.0,27661.042506235077,0.0,0.0,36186.286202834395
reg_bus,1978,0.022840725530559016,0.0,27593.411984485163,0.0,0.0,36097.811684292676
reg_bus,1979,0.023760502860302197,0.0,28919.930412014208,0.0,0.0,37833.16838539912
reg_bus,1980,0.022291648535741983,0.0,27266.128605809037,0.0,0.0,35669.65826220743
reg_bus,1981,0.02180604136657256,0.0,28160.68016073288,0.0,0.0,36839.91417667661
reg_bus,1982,0.018262247129352586,0.0,24059.279648417032,0.0,0.0,31474.44565770639
reg_bus,1983,0.020416829785907156,0.0,27368.38145424153,0.0,0.0,35803.42584687478
reg_bus,1984,0.025865957245457996,0.0,32850.312654485715,0.0,0.0,42974.91012152851
reg_bus,1985,0.02620766137868326,0.0,31809.976781864192,0.0,0.0,41613.938580858034
reg_bus,1986,8.02584373427903e-06,0.0,765.6264662020535,0.0,0.0,1001.5955987772653
reg_bus,1987,0.0013944667639359662,0.0,1812.7436635131323,0.0,0.0,2371.438495434804
reg_bus,1988,0.0016679285436738524,0.0,2517.969418400909,0.0,0.0,3294.0176425941086
reg_bus,1989,2.736142860406302e-18,0.0,0.002206220240282951,0.0,0.0,0.002886186121863894
reg_bus,1990,1.0403778044643805e-16,0.0,0.04684387873729544,0.0,0.0,0.06128134912177444
reg_bus,1991,5.429924010693403e-11,0.0,439035.04604007467,0.0,0.0,574347.3994758109
reg_bus,1992,4.937879259950831e-11,0.0,269742.46615214256,0.0,0.0,352878.17079753923
reg_bus,1993,1.4807076984559208e-08,0.0,215670.30385937044,0.0,0.0,282140.75226519414
reg_bus,1994,1.4471761443624337e-10,0.0,47534.7323151412,0.0,0.0,62185.12653330793
reg_bus,1995,1.5356051701379765e-10,0.0,3454.592364376519,0.0,0.0,4519.311518813416
reg_bus,1996,1.427842462036758e-10,0.0,5657.296163733547,0.0,0.0,7400.897420412048
reg_bus,1997,0.00025032655403546604,0.0,6117.9412490817385,0.0,0.0,8003.515157781501
reg_bus,1998,0.0002372146087773902,0.0,5752.668026273375,0.0,0.0,7525.663268949561
reg_bus,1999,0.0002208989538592931,0.0,20950.6683829326,0.0,0.0,27407.747994231693
reg_bus,2000,0.00021143031106428997,0.0,77432.94431457593,0.0,0.0,101298.08679586866
reg_bus,2001,0.0002168965791847627,0.0,48731.60146956526,0.0,0.0,63750.875536332744
reg_bus,2002,0.0002955442874528772,0.0,79710.70312413613,0.0,0.0,104277.85996223935
reg_bus,2003,5.187540679437765e-05,0.0,135293.31903658595,0.0,0.0,176991.25993607298
reg_bus,2004,8.2909003513104e-05,0.0,234394.9010395584,0.0,0.0,306636.34503964824
reg_bus,2005,6.765293811721094e-05,0.0,320965.1633016389,0.0,0.0,419887.9076445738
reg_bus,2006,5.568757694795707e-05,0.0,560688.4762818787,0.0,0.0,733494.9024518954
reg_bus,2007,0.00012835641232812625,0.0,1027976.5160664446,0.0,0.0,1344802.9811053814
reg_bus,2008,0.0003713571526689842,0.0,1754903.6038639946,0.0,0.0,2295771.8986241147
reg_bus,2009,0.010024792312573385,0.0,1804001.2263046808,0.0,0.0,2360001.6042563035
reg_bus,2010,0.0047284693096752315,0.0,2972809.3739085393,0.0,0.0,3889041.0878180703
reg_bus,2011,0.04725811848778594,0.0,1825947.1324119156,0.0,0.0,2388711.3262149915
reg_bus,2012,0.010194084755577681,0.0,1489027.6312494515,0.0,0.0,1947951.8901044705
reg_bus,2013,0.02782129988236675,0.0,1291013.672956475,0.0,0.0,1688909.2395660593
reg_bus,2014,0.04464470320351232,0.0,1319704.4634350229,0.0,0.0,1726442.6461788684
reg_bus,2015,0.05123208722409974,0.0,1690370.2418516597,0.0,0.0,2211349.0968791433
reg_bus,2016,0.05791617551773392,0.0,2010534.7584144762,0.0,0.0,2630189.59526513
reg_bus,2017,0.06845355716113041,0.0,2137673.657476564,0.0,0.0,2796513.2104462115
reg_bus,2018,0.0800974496331343,0.0,2181372.812138111,0.0,0.0,2853680.618983798
reg_bus,2019,0.1151741226370537,0.0,2480043.016549703,0.0,0.0,3244402.172426619
reg_bus,2020,0.2196344940067201,0.0,2640607.716414021,0.0,0.0,3454453.5536237857
reg_bus,2021,7351.4102787220845,0.0,1699116.5860207214,0.0,0.0,2222791.0992289265
reg_bus,2022,21603.871563119887,0.0,2303462.2781440555,0.0,0.0,3013398.5456872475
reg_bus,2023,170581.71817784905,0.0,1943515.7195765262,0.0,0.0,2542515.021175362
reg_bus,2024,716980.130626026,0.0,1854898.864220433,0.0,0.0,2426586.097316959
reg_bus,2025,1269286.1112496483,0.0,1791885.4573156303,0.0,0.0,2344151.7069094097
reg_bus,2026,2743182.375891424,0.0,1600707.813146109,0.0,0.0,2094052.3497918881
reg_bus,2027,5267825.46788611,0.0,1372935.6177009763,0.0,0.0,1796079.8546419842
reg_bus,2028,9333307.367383314,0.0,1207918.131853883,0.0,0.0,1580203.3210504837
reg_bus,2029,15844454.925178187,0.0,1060159.5790204233,0.0,0.0,1386904.9925100687
reg_bus,2030,24938061.062642474,0.0,862582.8476754163,0.0,0.0,1128434.324009987
reg_bus,2031,29405601.236245,0.0,753213.3592181535,0.0,0.0,985356.7227022704
reg_bus,2032,34335229.47642808,0.0,640509.9260176003,0.0,0.0,837917.6415751608
reg_bus,2033,39630723.03620052,0.0,436094.0448675081,0.0,0.0,570499.9700040792
reg_bus,2034,46003387.95883418,0.0,367666.5383146211,0.0,0.0,480982.8328284467
reg_bus,2035,53970978.31767573,0.0,301145.04989925644,0.0,0.0,393959.15618749283
reg_bus,2036,63916906.96330663,0.0,389457.2180352201,0.0,0.0,509489.48700835876
reg_bus,2037,72132974.81371343,0.0,367863.8418796051,0.0,0.0,481240.94613957853
reg_bus,2038,83010395.97325742,0.0,311584.6131742909,0.0,0.0,407616.23452951014
reg_bus,2039,95191847.89541443,0.0,216878.5598530227,0.0,0.0,283721.3975903811
reg_bus,2040,107701445.42137975,0.0,116813.72212500837,0.0,0.0,152816.17750274134
reg_bus,2041,120919164.43212155,0.0,102151.34023761695,0.0,0.0,133634.79099817728
reg_bus,2042,136369935.71599644,0.0,86243.3279664776,0.0,0.0,112823.86585412268
reg_bus,2043,153661897.67927873,0.0,73063.29371487538,0.0,0.0,95581.6924429449
reg_bus,2044,170710849.12878293,0.0,59247.05093333937,0.0,0.0,77507.22849371633
reg_bus,2045,187713289.98974407,0.0,46074.35040012695,0.0,0.0,60274.6490822057
reg_bus,2046,197901629.48382458,0.0,32799.86936496853,0.0,0.0,42908.92001182829
reg_bus,2047,208531136.39445564,0.0,18674.684776420636,0.0,0.0,24430.297157636025
reg_bus,2048,217596200.66508618,0.0,4305.670327600726,0.0,0.0,5632.695107071084
reg_bus,2049,226177875.454516,0.0,544.7181301934498,0.0,0.0,712.6024319676354
reg_bus,2050,235119713.08654597,0.0,347.72055132700945,0.0,0.0,454.88941304906666
reg_bus,2051,241948450.2165178,0.0,265.9639729163351,0.0,0.0,347.93513086832195
reg_bus,2052,248388999.0156754,0.0,214.07169454664142,0.0,0.0,280.04944519368456
reg_bus,2053,254603584.81473672,0.0,181.39734174432388,0.0,0.0,237.30472644807998
reg_bus,2054,260677633.94575667,0.0,157.53674682506804,0.0,0.0,206.09020094270667
reg_bus,2055,265825419.46003604,0.0,138.56448490048348,0.0,0.0,181.27061217177663
reg_bus,2056,268671385.13966966,0.0,4586.958887421525,0.0,0.0,6000.677923674075
reg_bus,2057,273213783.70862836,0.0,2947.8293772441884,0.0,0.0,3856.3621564805903
reg_bus,2058,277788877.57659066,0.0,1505.40417837388,0.0,0.0,1969.375754411925
reg_bus,2059,280995072.235056,0.0,378.2605065813933,0.0,0.0,494.84190439636063
reg_bus,2060,282681138.18449306,0.0,73.15908039089463,0.0,0.0,95.70700095533293
reg_bus,2061,282347536.00878197,0.0,140.0731900455042,0.0,0.0,183.24430626937405
reg_bus,2062,283143969.29053533,0.0,656.7007636676046,0.0,0.0,859.0985600103486
reg_bus,2063,283213174.6970487,0.0,787.5204625927597,0.0,0.0,1030.2374122628023
reg_bus,2064,282900668.0325299,0.0,839.7060757893479,0.0,0.0,1098.506839725921
reg_bus,2065,282648749.9469882,0.0,590.5725034826744,0.0,0.0,772.5893061092679
reg_bus,2066,280848919.99863845,0.0,202.57100482216424,0.0,0.0,265.0041969963659
reg_bus,2067,280016675.2879373,0.0,67.3829512750624,0.0,0.0,88.15064579230412
reg_bus,2068,279269269.9828395,0.0,61.89538737874555,0.0,0.0,80.97179280109123
reg_bus,2069,278973135.82565075,0.0,77.27515894050029,0.0,0.0,101.09167134054786
reg_bus,2070,279246396.25912833,0.0,170.34611975187914,0.0,0.0,222.84747373222953
reg_bus,2071,278915463.72468114,0.0,229.28825488994116,0.0,0.0,299.95581016563
reg_bus,2072,280008237.5845631,0.0,265.01806811129313,0.0,0.0,346.6976944243022
reg_bus,2073,281235029.71799743,0.0,320.9086452250888,0.0,0.0,419.81397047140393
reg_bus,2074,282444796.21184206,0.0,361.9423654218298,0.0,0.0,473.49444700397487
reg_bus,2075,283625866.2979496,0.0,377.88167427012036,0.0,0.0,494.3463144554098
reg_bus,2076,283797778.4906479,0.0,373.39128692215485,0.0,0.0,488.47197180526234
reg_bus,2077,285250394.4418205,0.0,357.572898604805,0.0,0.0,467.77829307536314
reg_bus,2078,286964326.6830007,0.0,335.53216335274686,0.0,0.0,438.9445152512017
reg_bus,2079,288927936.7266836,0.0,312.0807958210424,0.0,0.0,408.2653426487202
reg_bus,2080,291001052.52141196,0.0,290.9863228058044,0.0,0.0,380.6694688593059
reg_bus,2081,292019012.101774,0.0,274.3359143118911,0.0,0.0,358.8873380135015
reg_bus,2082,294187600.68696743,0.0,264.8534788554399,0.0,0.0,346.4823781036182
reg_bus,2083,296352186.88795817,0.0,262.8883579593838,0.0,0.0,343.9115991042422
reg_bus,2084,298543214.7779785,0.0,268.1044675301169,0.0,0.0,350.7353344627773
reg_bus,2085,300905006.20210826,0.0,279.4389463965891,0.0,0.0,365.5631449532433
reg_bus,2086,302641209.0879724,0.0,294.8216257397596,0.0,0.0,385.6868274642592
reg_bus,2087,305404757.34613204,0.0,312.8954837042968,0.0,0.0,409.3311205886202
reg_bus,2088,308495589.9917107,0.0,331.54749201442576,0.0,0.0,433.73175230257766
reg_bus,2089,312026651.7273088,0.0,347.59218506048944,0.0,0.0,454.7214837819583
reg_bus,2090,315919367.30001074,0.0,358.16147126220204,0.0,0.0,468.5482661744934
reg_bus,2091,319639575.2730595,0.0,365.64489627621236,0.0,0.0,478.3381126451917
reg_bus,2092,325513976.7803112,0.0,373.54377411815324,0.0,0.0,488.6714561635026
reg_bus,2093,333355335.39030725,0.0,382.55219998967954,0.0,0.0,500.4563148424516
reg_bus,2094,342742327.7690001,0.0,392.09708426012236,0.0,0.0,512.9429705399249
reg_bus,2095,352989227.3006498,0.0,403.53911202768927,0.0,0.0,527.9114769320729
reg_bus,2096,363458875.86820465,0.0,416.7040018677586,0.0,0.0,545.1338383636272
reg_bus,2097,374130448.1142829,0.0,432.66941729791665,0.0,0.0,566.0198585493981
reg_bus,2098,383383217.63578665,0.0,446.7948689415177,0.0,0.0,584.4988307660607
reg_bus,2099,390975985.6338591,0.0,461.27965755221476,0.0,0.0,603.4478890372429
reg_bus,2100,397669227.71868837,0.0,476.88027207464546,0.0,0.0,623.8566752195702
car,1971,6.672917719871893e-34,0.0,1627.4347314860806,0.0,382.93415647057975,0.0
car,1972,1.2683514079121412e-33,0.0,3473.5872492824337,0.0,650.975551363587,0.0
car,1973,1.5380974323611793e-33,0.0,3922.444886316345,0.0,1052.051869001782,0.0
car,1974,1.608299224423082e-33,0.0,3384.025557226841,0.0,750.6218052166048,0.0
car,1975,1.4766532124875017e-33,0.0,3457.0640063825635,0.0,860.867235240627,0.0
car,1976,1.425199297200763e-33,0.0,3668.4467252347736,0.0,943.9032246884564,0.0
car,1977,2.075064847037204e-33,0.0,3179.8124402171798,0.0,938.4975507343349,0.0
car,1978,2.162680181920104e-33,0.0,3578.328359201211,0.0,1073.2757404685638,0.0
car,1979,2.7987392674528725e-33,0.0,4086.3286237566554,0.0,1436.8310986985289,0.0
car,1980,2.521276324282047e-33,0.0,3974.484839958429,0.0,1574.6674244757417,0.0
car,1981,1.040092725264078e-33,0.0,1008.7134559042813,0.0,715.3553381691536,0.0
car,1982,0.0,0.0,730.0973824398644,0.0,701.7738978426318,0.0
car,1983,7.92163119695495e-34,0.0,958.4678104818562,0.0,871.1436421127918,0.0
car,1984,5.478226360158687e-34,0.0,907.9661056626041,0.0,995.644016975233,0.0
car,1985,1.48309287364454e-35,0.0,1062.928254910423,0.0,1046.9445263569662,0.0
car,1986,4.600329376213436e-14,0.0,1550454.484049365,0.0,647938.4355094127,0.0
car,1987,1.9560475025359708e-14,0.0,853303.06471268,0.0,353008.5513298634,0.0
car,1988,2.7384331223184075e-14,0.0,2247630.5856521213,0.0,904171.7970924826,0.0
car,1989,4.418881141142298e-14,0.0,2874092.109350466,0.0,1151874.469073888,0.0
car,1990,5.761410747472092e-14,0.0,3218580.884368922,0.0,1277110.2359944894,0.0
car,1991,5.257028899060327e-14,0.0,3376392.8477272466,0.0,1327246.5412505171,0.0
car,1992,5.382254093179387e-14,0.0,3866854.102294623,0.0,1508614.0007097533,0.0
car,1993,4.3972562181263494e-14,0.0,4418662.126868522,0.0,1713507.538625065,0.0
car,1994,5.2552086999792666e-14,0.0,3747247.312123759,0.0,1463655.8263454703,0.0
car,1995,3.086671364759439e-14,0.0,1994870.1824993868,0.0,787211.552358233,0.0
car,1996,2.2473847341319193e-14,0.0,1618610.7720921296,0.0,635703.0403429624,0.0
car,1997,2.7787877771969965e-14,0.0,2049815.384739199,0.0,805160.210368646,0.0
car,1998,3.025372901667324e-14,0.0,2191762.6422717124,0.0,858387.5313943711,0.0
car,1999,1.8448063253163275e-14,0.0,1428622.6442718671,0.0,554046.1202679285,0.0
car,2000,1.6818497365622345e-14,0.0,1452286.5342047138,0.0,556764.2622690568,0.0
car,2001,2.507730233528086e-14,0.0,2094261.9347603037,0.0,813174.4780038138,0.0
car,2002,9.016046470835335e-37,0.0,21954.455115466208,0.0,8903.692746021718,0.0
car,2003,8.652288013200574e-37,0.0,32608.158331472805,0.0,13262.140909941976,0.0
car,2004,1.674211243160994e-31,0.0,41421.614785256665,0.0,17498.275749800465,0.0
car,2005,7.790400016622639e-29,0.0,79216.5076856321,0.0,33846.95323755833,0.0
car,2006,4.845656925943662e-15,0.0,6659966.727487718,0.0,2150729.356903567,0.0
car,2007,1.2775871734994899e-14,0.0,11185956.511029698,0.0,3612740.8755953163,0.0
car,2008,20948281.20698251,0.0,9943851.674128918,0.0,8813379.24190449,0.0
car,2009,92660008.29840781,0.0,17794951.289532825,0.0,15076608.203657689,0.0
car,2010,166586729.9286133,0.0,27031107.099633437,0.0,14337429.523306979,0.0
car,2011,215649792.46690536,0.0,30228738.35062251,0.0,14250525.29196226,0.0
car,2012,267267102.24314678,0.0,42285782.07529269,0.0,27605130.509757444,0.0
car,2013,257671321.4489669,0.0,76128837.83969285,0.0,48287135.185363084,0.0
car,2014,278053442.9314775,0.0,161371929.22569668,0.0,99612299.14998837,0.0
car,2015,330670128.0621828,0.0,290728697.3036076,0.0,212183503.01165625,0.0
car,2016,387285258.39234716,0.0,130189188.65507933,0.0,98690423.92806728,0.0
car,2017,420347387.86415595,0.0,129208677.0627827,0.0,96921537.48399395,0.0
car,2018,432043884.61716765,0.0,142767270.38102296,0.0,108524682.7880606,0.0
car,2019,467395262.1955769,0.0,148937968.8063547,0.0,115490195.94332415,0.0
car,2020,465518825.94100845,0.0,142430522.349923,0.0,113917123.47556919,0.0
car,2021,747291932.3430333,0.0,171491696.63904908,0.0,145093594.47815052,0.0
car,2022,953599897.6902183,0.0,237154155.13212022,0.0,196932420.07179195,0.0
car,2023,983664187.6957893,0.0,242881765.94094342,0.0,200017114.21494418,0.0
car,2024,982033069.9498506,0.0,241667430.10140246,0.0,205096724.6088003,0.0
car,2025,863866439.7701879,0.0,238951792.11733723,0.0,210271515.44892275,0.0
car,2026,887870577.529659,0.0,232193037.42356703,0.0,213843460.89868513,0.0
car,2027,914500393.9382826,0.0,239376531.66590315,0.0,224383988.6076305,0.0
car,2028,967699283.7130371,0.0,249869842.9971382,0.0,235818100.63148054,0.0
car,2029,1045055047.7309874,0.0,252074901.72730058,0.0,245244012.47223106,0.0
car,2030,1158784759.0898623,0.0,255066792.36851752,0.0,254366133.6790139,0.0
car,2031,1404782411.2717385,0.0,283000717.7040048,0.0,285841548.9674113,0.0
car,2032,1383877023.2260265,0.0,279203683.1097384,0.0,283678007.10098106,0.0
car,2033,1315731079.0806885,0.0,256953357.09803182,0.0,266979855.3905871,0.0
car,2034,1316811790.921255,0.0,246592327.82155827,0.0,263607834.6421533,0.0
car,2035,1400597160.1367962,0.0,250963846.71863076,0.0,271475123.3293038,0.0
car,2036,1539622979.0233545,0.0,264138033.4595017,0.0,280899527.50381213,0.0
car,2037,1710604272.0630975,0.0,255098454.81921744,0.0,274104280.2358893,0.0
car,2038,1932000918.9152083,0.0,247987331.2322106,0.0,275134250.77989537,0.0
car,2039,2183891942.9500628,0.0,241446940.67045248,0.0,268543701.52240044,0.0
car,2040,2445843101.425675,0.0,232979186.36692756,0.0,254963355.93361396,0.0
car,2041,2719439397.0469947,0.0,220288917.31492457,0.0,240649948.79776397,0.0
car,2042,3113090846.627676,0.0,212136667.68508086,0.0,230969076.57096472,0.0
car,2043,3577690037.3247647,0.0,206880252.9832316,0.0,224093640.09351027,0.0
car,2044,4086602324.3405566,0.0,196982844.14837524,0.0,214172130.62633142,0.0
car,2045,4612180603.348178,0.0,185914207.45590928,0.0,198238819.1469809,0.0
car,2046,5010644363.722787,0.0,179852294.38772595,0.0,185768487.54868215,0.0
car,2047,5425730816.436616,0.0,175188806.34420916,0.0,180602000.62044638,0.0
car,2048,5808520922.590251,0.0,167483304.8667544,0.0,176660401.47321078,0.0
car,2049,6169892432.652201,0.0,162248597.0003692,0.0,167739806.52439365,0.0
car,2050,6547219864.217332,0.0,158841962.02464914,0.0,162982613.86025026,0.0
car,2051,6862297531.650905,0.0,154033367.1221772,0.0,158750018.7237482,0.0
car,2052,7163743836.505391,0.0,151490957.8489501,0.0,156567130.20013106,0.0
car,2053,7431555761.296694,0.0,151567219.25669128,0.0,154394059.37418583,0.0
car,2054,7668989163.432666,0.0,152846195.91485798,0.0,156705197.32184938,0.0
car,2055,7837128361.1058445,0.0,154887514.6696341,0.0,159218790.9343326,0.0
car,2056,7911471462.071829,0.0,156659533.73217323,0.0,162658030.9690544,0.0
car,2057,8022053546.344028,0.0,160257702.39513323,0.0,169146421.6642623,0.0
car,2058,8152065058.951422,0.0,164739708.21292323,0.0,175527080.7944984,0.0
car,2059,8260307585.926704,0.0,169327336.85675618,0.0,181397567.6984906,0.0
car,2060,8355338996.67491,0.0,174121626.915091,0.0,187853160.66702962,0.0
car,2061,8419543716.602136,0.0,178853053.42967245,0.0,193476832.46976203,0.0
car,2062,8536054959.754964,0.0,185361682.883756,0.0,200856566.15041843,0.0
car,2063,8647879513.773619,0.0,191810124.34199223,0.0,208133658.87676358,0.0
car,2064,8773602822.400534,0.0,198418974.18445268,0.0,216046646.94176587,0.0
car,2065,8929918615.033094,0.0,205474197.39567217,0.0,224266836.94005266,0.0
car,2066,9069151734.764832,0.0,211178187.04648304,0.0,230957830.43111804,0.0
car,2067,9259042133.1284,0.0,217891412.6223263,0.0,237927317.69925997,0.0
car,2068,9470548107.850082,0.0,224797005.80235994,0.0,244725654.2143246,0.0
car,2069,9704555206.258343,0.0,232023400.89500144,0.0,252813944.36090183,0.0
car,2070,9956341546.555334,0.0,239215961.7314543,0.0,260638468.9357726,0.0
car,2071,10177486734.419115,0.0,244878332.10144794,0.0,267394641.03860644,0.0
car,2072,10466507068.510557,0.0,252123160.21319836,0.0,275570971.26680464,0.0
car,2073,10775614422.080976,0.0,259616808.46946433,0.0,284224993.664267,0.0
car,2074,11100736117.177763,0.0,267254368.99268818,0.0,292939118.18671477,0.0
car,2075,11439758229.995625,0.0,275211872.54840076,0.0,302188004.75626284,0.0
car,2076,11747107989.334377,0.0,281987449.0702794,0.0,310648434.9474519,0.0
car,2077,12113375046.534779,0.0,290762417.18327636,0.0,320988141.52463007,0.0
car,2078,12499871383.770285,0.0,300026649.12357014,0.0,332323630.613565,0.0
car,2079,12907172145.875162,0.0,309594252.91936934,0.0,344182041.1544825,0.0
car,2080,13344766078.716331,0.0,319502312.3917781,0.0,356322225.5816922,0.0
car,2081,13744139019.981789,0.0,327708584.40779173,0.0,367509132.11356264,0.0
car,2082,14212272494.527205,0.0,337761154.2833068,0.0,380402828.6602209,0.0
car,2083,14699686379.267557,0.0,348043479.48753077,0.0,393953130.0686667,0.0
car,2084,15208160763.777416,0.0,358394046.27759963,0.0,407823539.25162375,0.0
car,2085,15737798186.47704,0.0,368556656.6105239,0.0,422266480.6619201,0.0
car,2086,16240657358.089193,0.0,376632570.38033366,0.0,435285866.2563004,0.0
car,2087,16810734481.96051,0.0,385959063.85753095,0.0,449879317.55666184,0.0
car,2088,17407986192.554573,0.0,394590921.9058599,0.0,464220166.02385104,0.0
car,2089,18031042131.053528,0.0,402377356.3314022,0.0,478160850.1349528,0.0
car,2090,18680449038.809208,0.0,409167366.6628618,0.0,491612373.42304295,0.0
car,2091,19306485620.96514,0.0,412820548.02608883,0.0,503041739.8652965,0.0
car,2092,20021331519.693058,0.0,416162989.2598993,0.0,514828698.78742,0.0
car,2093,20795798978.714462,0.0,417244648.1591162,0.0,525610909.27013546,0.0
car,2094,21629940831.79812,0.0,415664618.240999,0.0,535466609.15061504,0.0
car,2095,22517289246.57729,0.0,411261850.78057826,0.0,543522622.1513761,0.0
car,2096,23404439318.86078,0.0,401570784.1213255,0.0,547830040.6719038,0.0
car,2097,24383136225.90556,0.0,390752330.52245235,0.0,551560164.7607632,0.0
car,2098,25366643201.439568,0.0,377753053.6530791,0.0,554897739.4589665,0.0
car,2099,26342447673.01538,0.0,363454003.82055277,0.0,556710520.5521027,0.0
car,2100,27323425097.249607,0.0,347669370.37426245,0.0,555662513.2981427,0.0
